newstitle,newscomname
비아그라 준비까지..2년간 850번 성매매 시킨 악덕 남매 '집유',뉴스1
"""창문 열고 모기잡았다""..결과는 신규확진 2223명 돌파",머니투데이
"조국 딸 조민, 고졸 되나..""시험은 다시 치면 된다"" 과거 인터뷰 보니",서울경제
"""아들아, 내 말이 나를 죽이고 싶을 만큼 괴롭더냐""..팔순 노모 잔혹 살해한 아들의 사연은?",더팩트
'백사장만 썰렁' 해운대 찾은 피서객 20만명..4단계 효과 무색,연합뉴스
"""불쌍해서 어떡해"" ""죗값 달게 받아라"" 정경심 선고에 법원 안팎 '시끌'",서울신문
"원세훈 ""얼굴 못본 손자도 있어"" 선처 호소..검찰, 징역 15년 구형(종합)",뉴스1
"[단독] 文 비판했다 파면된 前 문체부 국장, 파면취소 소송 이겼다",조선일보
SK 백신 개발 '빌게이츠 2450억 vs 정부 30억'..韓 우선배정 불투명,머니투데이
전염병 핑계로 벌어진 끔찍한 일.. 산림청은 왜? [최병성 리포트],오마이뉴스
창원 발칵 뒤집은 하나로마트 '확진 영업'..뒤늦게 큰절 사과,중앙일보
"""상어가족은 표절"" 미국 작곡가, 손배소 패소에 불복 항소",뉴스1
"모더나·화이자 접종일, 내일 개별 문자로 통보한다..추석연휴 땐 5일 앞당겨",뉴시스
"""수사팀이 조국에 '미안하다' 전화"" 김의겸 주장에.. 한동훈 ""진짜라면 공개하라""",세계일보
"30만원 내면 한밤중에도 여종업원과 술자리..서울시, 87명 적발",뉴스1
18∼49세 접종 예약률 10.6%..생일 끝자리 '9' 60% 가까이 완료,연합뉴스
"하태경 ""최재형, 정부가 국민 삶 책임 안 지면 대선 왜 나왔나""",뉴스1
크래프톤 눈물의 우리사주..이틀새 인당 2천400만원 손실,연합뉴스
'징역 30년 구형' 87년생 꼴망파 허민우는 누구,서울신문
"[뉴시스Pic] 대선 출마 선언한 원희룡 지사직 사퇴, ""제주의 아들 도전 지켜봐 달라""",뉴시스
"""사두면 돈 된다더니.."" 믿었던 金의 배신",한국경제
"전국이 코로나 난리인데..잠잠한 강원, 이유는 '선제적 방역강화'",뉴스1
인니 기술진 33명 한국비자 신청..KF-21 공동개발 재시동(종합),연합뉴스
"조국 '세미나女 조민' 뒤집기 안통했다..법원 ""인턴은 허위""",중앙일보
코스피 닷새째 하락..삼전·SK하이닉스 급락에 '흔들'(종합),연합뉴스
[현장] 한국전쟁 '1km 거대무덤'..다닥다닥 유해가 쏟아졌다,한겨레
지인 11명이 '테이블 쪼개기'식사·식당업주는 묵인..10명 확진,연합뉴스
"정경심 유죄 뒤 지지자들 올린 글..진중권 ""코멘트가 예술""",중앙일보
1주택자 12억까지 양도세 비과세..장기보유공제는 '최종 1주택자 된 날'부터 적용,한국경제
"北 불통에 윤석열 ""통신선 청구서 내민 北과 이면협의 했나""..靑 부인",서울신문
"김밥집 10곳 가보니..맨손으로 김밥 싸고 카드결제, 쉰내 나 버렸다",머니투데이
"""같이 살자"" 1.5억 뜯어간 얼짱 미군..사실은 '아프리카계 외국인'",머니투데이
내장지방 빼려면 '이 음료' 드세요,헬스조선
일부러 백신 대신 식염수 접종..간호사 한명이 8600명 울렸다,중앙일보
"""○○○ 있는 남성, 생식 능력 떨어진다""",헬스조선
"법원 ""아파트 물새면 배관교체·바닥 철거·복구 등 전액 보험금 지급""",뉴스1
"靑, 윤석열 '이면합의' 의심에 ""사실 아냐..평화 위해 남북 서로 노력""",뉴스1
"""조민 맞다"" 증언 안 통해..재판부 ""새로운 사실 드러난 것 없다""",오마이뉴스
"이낙연 ""지방 국립대, 연·고대 수준으로..등록금 폐지 추진""",뉴스1
연상의 아내 마지막 출근길..가난한 시인은 눈물을 적셔 편지를 썼다,경향신문
"""D램 값 떨어질 것"" 대만 보고서에..외국인, 삼전 1조 던졌다",중앙일보
"삼성전자·하이닉스 시총, 하루 새 15조 사라졌다..개미들 '비명'",한국경제
'식후'가 중요.. 일상에서 혈당 내리고 살 빼는 습관은?,코메디닷컴
"김연경 시계, 카메라 숨김, S펜..김빠진 언팩? 그래도 기대되는 3가지",중앙일보
"SK 백신은 비교임상 결정했는데 제넥신은 인도네시아로, 왜",중앙일보
"최재형 ""국민의 삶을 왜 정부가 책임지나, 국민이 책임져야지""",오마이뉴스
"'4성 장군' 김병주, 이재명 캠프 합류..국방안보위원장",뉴시스
"""카뱅 크래프톤 직원은 알고 있었다""..사내청약 5분의 1, 크래프톤 주가 울상",매일경제
"윤석열 ""다수당 與 독선 일삼아..국민 한 사람으로 참담"" [TF사진관]",더팩트
코로나 백신에 떠나보낸 엄마..홀로 남겨진 아이의 가슴 아픈 사연,더팩트
 북미 야생화 종 알고보니 곤충 잡아먹는 '식충식물'로 확인,
 북미 야생화 종 알고보니 곤충 잡아먹는 '식충식물'로 확인,
